Logged,Predicted
60.0,39.804783
60.0,28.001844
3.0,28.001844
35.0,14.152442
30.0,14.152442
40.0,23.889307
8.0,23.889307
60.0,14.152442
30.0,28.001844
60.0,18.054298
15.0,28.001844
15.0,28.001844
2.0,28.001844
60.0,39.804783
22.0,14.152442
15.0,28.001844
90.0,14.152442
15.0,14.152442
22.0,28.001844
80.0,28.001844
60.0,39.804783
16.0,28.001844
30.0,28.001844
86.0,28.001844
60.0,28.001846
35.0,18.054298
5.0,28.001846
