Logged,Predicted
16.0,33.728626
39.0,38.122536
60.0,38.024006
15.0,33.728626
53.0,37.06119
15.0,33.728626
60.0,33.728626
60.0,35.577038
60.0,33.728626
60.0,38.024006
60.0,35.577038
90.0,33.728626
100.0,33.728626
15.0,33.728626
69.0,33.728626
60.0,35.577038
40.0,33.728626
10.0,37.06119
60.0,37.06119
30.0,33.728626
60.0,38.73479
5.0,33.728626
39.0,35.577038
80.0,33.728626
10.0,33.72863
45.0,33.72863
60.0,35.577038
