Logged,Predicted
60.0,20.266356
70.0,20.266356
15.0,19.948273
22.0,19.813297
15.0,21.763931
10.0,19.813297
15.0,20.266356
90.0,20.266356
49.0,19.813297
60.0,20.266356
16.0,20.266356
90.0,20.266356
45.0,20.266356
51.0,20.266356
50.0,20.266356
39.0,19.948273
80.0,20.266356
4.0,20.266356
48.0,19.948273
90.0,20.266356
15.0,20.266356
53.0,19.813297
34.0,20.266356
30.0,19.948273
5.0,20.266356
30.0,20.266356
5.0,20.266356
