Logged,Predicted
15.0,47.374744
60.0,20.466059
18.0,25.840837
90.0,33.49703
15.0,33.49703
90.0,25.840837
25.0,20.466059
82.0,33.49703
60.0,33.49703
15.0,33.49703
51.0,23.771774
35.0,20.466059
5.0,33.49703
15.0,33.49703
17.0,33.49703
1.0,29.274246
30.0,33.49703
5.0,33.49703
50.0,33.49703
10.0,25.840837
60.0,25.840837
39.0,29.274246
5.0,33.49703
45.0,33.49703
60.0,20.466059
15.0,25.840837
8.0,29.274246
